{
  "metadata": {
    "schemaVersion": "1.0",
    "importType": "LEX",
    "importFormat": "JSON"
  },
  "resource": {
    "description": "LIst of all SKM stations.",
    "name": "SKMStationType",
    "version": "1",
    "enumerationValues": [
      {
        "value": "sopot-kamienny-potok",
        "synonyms": [
          "Sopot Kamienny Potok",
          "Kamieny Potok"
        ]
      },
      {
        "value": "gdynia-chylonia",
        "synonyms": [
          "Gdynia Chylonia",
          "Chylonia"
        ]
      },
      {
        "value": "gdynia-orlowo",
        "synonyms": [
          "Gdynia Orłowo",
          "Orłowo"
        ]
      },
      {
        "value": "sopot-wyscigi",
        "synonyms": [
          "Sopot Wyścigi",
          "Wyścigi"
        ]
      },
      {
        "value": "gdansk-politechnika",
        "synonyms": [
          "Gdańsk Politechnika",
          "Gdansk Politechnika",
          "Politechnika"
        ]
      },
      {
        "value": "gdansk-stocznia",
        "synonyms": [
          "Gdańsk Stocznia",
          "Gdansk Stocznia",
          "Stocznia"
        ]
      },
      {
        "value": "gdansk-zaspa",
        "synonyms": [
          "Gdańsk Zaspa",
          "Gdansk Zaspa",
          "Zaspa"
        ]
      },
      {
        "value": "gdansk-zabianka",
        "synonyms": [
          "Gdańsk Żabianka",
          "Gdansk Żabianka",
          "Żabianka"
        ]
      },
      {
        "value": "gdynia-glowna",
        "synonyms": [
          "Gdynia"
        ]
      },
      {
        "value": "gdansk-glowny",
        "synonyms": [
          "Gdańsk",
          "Gdansk"
        ]
      },
      {
        "value": "gdansk-wrzeszcz",
        "synonyms": [
          "Gdańsk Wrzeszcz",
          "Gdansk Wrzeszcz",
          "Wrzeszcz"
        ]
      },
      {
        "value": "gdansk-oliwa",
        "synonyms": [
          "Gdańsk Oliwa",
          "Gdansk Oliwa",
          "Oliwa"
        ]
      },
      {
        "value": "gdynia-wzgorze-sw-maksymiliana",
        "synonyms": [
          "Gdynia Wzgórze Św. Maksymiliana",
          "Wzgórze Maksymiliana"
        ]
      },
      {
        "value": "sopot",
        "synonyms": [
          "Sopot"
        ]
      },
      {
        "value": "gdansk-srodmiescie",
        "synonyms": [
          "Gdańsk Śródmieście",
          "Gdansk Śródmieście",
          "Śródmieście"
        ]
      },
      {
        "value": "gdynia-redlowo",
        "synonyms": [
          "Gdynia Redłowo",
          "Redłowo"
        ]
      },
      {
        "value": "gdansk-port-lotniczy",
        "synonyms": [
          "Gdańsk Śródmieście",
          "Gdansk Śródmieście",
          "Śródmieście"
        ]
      },
      {
        "value": "gdansk-przymorze-uniwersytet",
        "synonyms": [
          "Gdańsk Przymorze Uniwersytet",
          "Gdańsk Uniwersytet",
          "Gdańsk Przymorze",
          "Gdansk Przymorze Uniwersytet",
          "Gdansk Uniwersytet",
          "Gdansk Przymorze",
          "Przymorze",
          "Uniwersytet"
        ]
      }
    ],
    "valueSelectionStrategy": "TOP_RESOLUTION"
  }
}