{
  "metadata": {
    "schemaVersion": "1.0",
    "importType": "LEX",
    "importFormat": "JSON"
  },
  "resource": {
    "description": "LIst of all SKM stations.",
    "name": "SKMStationType",
    "version": "1",
    "enumerationValues": [
      {
        "value": "sopot",
        "synonyms": [
          "Sopot"
        ]
      },
      {
        "value": "gdynia-glowna",
        "synonyms": [
          "Gdynia"
        ]
      },
      {
        "value": "gdansk-glowny",
        "synonyms": [
          "Gdansk"
        ]
      }
    ],
    "valueSelectionStrategy": "TOP_RESOLUTION"
  }
}